Светильник,Ссылка,Стоимость
Светильник потолочный Matthew,https://www.divan.ru/product/svetilnik-potolochnyj-matthew,5690руб.
Светильник потолочный Парма White,https://www.divan.ru/product/svetilnik-potolochnyj-parma-white,5290руб.
Светильник потолочный Лима-1 Black,https://www.divan.ru/product/svetilnik-potolochnyj-lima-1-black,2650руб.
Светильник потолочный Банджи White,https://www.divan.ru/product/svetilnik-potolochnyj-bandji-white,8390руб.
Светильник потолочный Атрани Black,https://www.divan.ru/product/svetilnik-potolochnyj-atrani-black,5190руб.
Спот Лайт-1 Black,https://www.divan.ru/product/spot-lajt-1-black,2690руб.
Спот Лайт-1 Grey,https://www.divan.ru/product/spot-lajt-1-grey,2690руб.
Спот Лайт-1 White,https://www.divan.ru/product/spot-lajt-1-white,2690руб.
Спот Лайт-2 Black,https://www.divan.ru/product/spot-lajt-2-black,3690руб.
Спот Лайт-2 White,https://www.divan.ru/product/spot-lajt-2-white,3690руб.
Светильник потолочный Элси Black,https://www.divan.ru/product/svetilnik-potolochnyj-elsi-black,890руб.
